Eigenvector centrality,Closeness centrality,Betweenness centrality,Degree centrality,Optimal
0.2959910283130101
0.3042815046905471
0.31156327703611725
0.31848545809421325
0.3249642191527619
0.33044334052026
0.335639940518788
0.34039297950012365
0.3448133871133738
0.3489559643939035
0.35305374071963636
0.35702550266366767
0.36067386276261143
0.3640077161581199
0.3673315404646552
0.3703429577355468
0.37328639445651357
0.37612750407818873
0.37889798849564255
0.381682341593795
0.38409009406786376
0.38633274801439005
0.3888945923752266
0.39133126746998936
0.3933881011122352
0.39550042739640195
0.39726125469952617
0.3992446111522969
0.40102540058023656
0.40298548864242445
0.4047977138860281
0.406248559550958
0.4077042174738706
0.40927609598098247
0.41073622353741557
0.41223746506730585
0.41366386639524405
0.41518262232011827
0.4163880484218211
0.4174080937784715
0.41863946574565886
0.4198761955932954
0.42103222489893843
0.42194854713978025
0.42318623279558765
0.4240964063542526
0.4251322091710341
0.4261314325335652
0.42717241771668424
0.42815625835746846
0.429250536595564
0.4302909931595792
0.4313410818092705
0.43230779595479846
0.4333757812080055
0.43434699776140073
0.43512215145656397
0.43600432511486165
0.43688129640295353
0.43766321140718045
0.43838577076239926
0.43920057741895197
0.44002587151424183
0.4407725263845288
0.44152508078493113
0.44225792402297043
0.44287356666822325
0.4435856950052478
0.44440656936268785
0.44496980321818014
0.4456580954324828
0.4462431144092662
0.4468698824555951
0.4474035223626051
0.4479825218458183
0.4485038779317948
0.4490131790985274
0.44953528682651434
0.45004034583823577
0.4505659477646644
0.4511382263866136
0.45163430401472193
0.45201039540802923
0.4525276929439604
0.45295421024197874
0.45344678399645305
0.4539691813406128
0.45444411095729925
0.4549404386940028
0.45529551115098077
0.45570027999700063
0.4560968838417093
0.45653069019744014
0.4569891315127166
0.457356598811627
0.4578396441377117
0.4582269370497742
0.4587295316050328
0.4591694319203996
0.45956542141276463
0.4599194747839385
0.46039437221460083
